,,,,,,,,
,,,,,,,,
,,,,,,,,
,,,,,,,,
"Benchmark del Mercado Financiero del Reino Unido: Productos Financieros, Tarjetas de Crédito y Préstamos",,,,,,,,
,,,,,,,,
Introducción,"El mercado financiero del Reino Unido está unificado y es altamente desarrollado, con diversas opciones de productos bancarios, tanto de instituciones tradicionales como de fintechs y neobancos. En el Reino Unido, los consumidores tienen acceso a una amplia gama de productos financieros, que incluyen préstamos personales, préstamos para pequeñas y medianas empresas (PYMES), tarjetas de crédito, y más. A continuación, se presenta un análisis comparativo (benchmark) de los principales productos disponibles en el mercado, con un enfoque en las ofertas tanto de bancos tradicionales como de plataformas fintech y neobancos.
Este benchmark tiene como objetivo ofrecer una visión integral de las opciones financieras disponibles en el Reino Unido, brindando datos sobre los productos más populares y relevantes, así como los términos específicos utilizados en este mercado.",,,,,,,
"Productos de Préstamos en el Reino Unido","Los préstamos personales y préstamos para pequeñas y medianas empresas (PYMES) son dos de los productos financieros más buscados por los consumidores y empresarios en el Reino Unido. A continuación, se presenta un listado de productos destacados, que incluyen tanto opciones tradicionales como fintech.",,,,,,,
,,,,,,,,
Préstamos Personales y para PYMES,,Producto,Tipo de Préstamo,Volumen de Búsqueda Mensual,Enlace Oficial,,,
,,Préstamo Personal de HSBC,Personal,"12,1",hsbc.co.uk,,,
,,Préstamo Personal de Barclays,Personal,"9,9",barclays.co.uk,,,
,,Préstamo Personal de Lloyds Bank,Personal,"8,1",lloydsbank.com,,,
,,Préstamo Personal de NatWest,Personal,"6,6",natwest.com,,,
,,Préstamo Personal de Santander UK,Personal,"5,4",santander.co.uk,,,
,,Préstamo Personal de TSB,Personal,"4,4",tsb.co.uk,,,
,,Préstamo Personal de Virgin Money,Personal,"3,6",virginmoney.com,,,
,,Préstamo Personal de Halifax,Personal,"2,9",halifax.co.uk,,,
,,Préstamo Personal de Nationwide,Personal,"2,4",nationwide.co.uk,,,
,,Préstamo Personal de Revolut,Personal (Fintech),"1,8",revolut.com,,,
,,Préstamo Personal de Monzo,Personal (Neobanco),"1,5",monzo.com,,,
,,Préstamo Personal de Starling Bank,Personal (Neobanco),"1,2",starlingbank.com,,,
,,Préstamo Personal de Funding Circle,PYMES (Fintech),1,fundingcircle.com,,,
,,Préstamo Personal de Funding Options,PYMES (Fintech),800,fundingoptions.com,,,
,,Préstamo Personal de iwoca,PYMES (Fintech),600,iwoca.co.uk,,,
,,Préstamo Personal de MarketFinance,PYMES (Fintech),500,marketfinance.com,,,
,,Préstamo Personal de Funding Xchange,PYMES (Fintech),400,fundingxchange.co.uk,,,
,,Préstamo Personal de Capify,PYMES (Fintech),300,capify.co.uk,,,
,,Préstamo Personal de Fleximize,PYMES (Fintech),200,fleximize.co.uk,,,
,,,,,,,,
,,,,,,,,
"Tarjetas de Crédito en el Reino Unido","El mercado de tarjetas de crédito en el Reino Unido está dominado por grandes bancos, pero también hay una creciente participación de fintechs y neobancos que ofrecen productos innovadores. Aquí se muestran algunos de los productos más destacados.",Producto,Tipo de Tarjeta,Volumen de Búsqueda Mensual,Enlace Oficial,,,
,,Tarjeta de Crédito de Barclaycard,Tradicional,"22,2",barclaycard.co.uk,Barclaycard Avios plus,,Es la negra
,,Tarjeta de Crédito de Halifax,Tradicional,"18,1",halifax.co.uk,Esto no tiene TC no la encontre,,https://www.halifax.co.uk/creditcards/mastercard-world-elite.html
,,Tarjeta de Crédito de Lloyds Bank,Tradicional,"15,4",lloydsbank.com,Esto no tiene TC no la encontre,,https://www.lloydsbank.com/credit-cards/mastercard-world-elite.html
,,Tarjeta de Crédito de NatWest,Tradicional,"12,6",natwest.com,https://www.natwest.com/credit-cards/purchase-and-balance-transfer.html,,
,,Tarjeta de Crédito de Santander UK,Tradicional,"10,8",santander.co.uk,https://www.santander.co.uk/personal/credit-cards/santander-edge-credit-card,,
,,Tarjeta de Crédito de TSB,Tradicional,9,tsb.co.uk,https://www.tsb.co.uk/credit-cards/balance-transfers.html,,
,,Tarjeta de Crédito de Virgin Money,Tradicional,"7,5",virginmoney.com,https://uk.virginmoney.com/cards/products/everyday-cashback-cards/,,
,,Tarjeta de Crédito de Monzo,Neobanco,"6,2",monzo.com,https://monzo.com/flex,,
,,Tarjeta de Crédito de Revolut,Fintech,5,revolut.com,https://www.revolut.com/ultra-plan/,,
,,Tarjeta de Crédito de Starling Bank,Neobanco,"4,2",starlingbank.com,https://www.starlingbank.com/current-account/,,
,,Tarjeta de Crédito de Curve,Fintech,"3,5",curve.com,"esta es la tradicional de curve, sino que para eso se debe descargar la app",,
,,,,,,,,
,,,,,,,,
Términos Financieros Comunes en el Reino Unido,"A continuación, se presentan algunos términos específicos del mercado financiero del Reino Unido, que los consumidores y empresas deben conocer:",,,,,,,
,APR (Annual Percentage Rate) – Tasa de interés anual que incluye cualquier cargo adicional sobre un préstamo o crédito.,,,,,,,
,Credit Score – Puntuación crediticia que refleja la solvencia financiera de una persona.,,,,,,,
,FCA (Financial Conduct Authority) – Autoridad encargada de regular los mercados financieros en el Reino Unido.,,,,,,,
,"PPI (Payment Protection Insurance) – Seguro de protección de pagos, utilizado para cubrir deudas si el prestatario no puede pagar debido a enfermedad o desempleo.",,,,,,,
,ISA (Individual Savings Account) – Cuenta de ahorros que permite a los ahorradores ganar interés sin pagar impuestos sobre sus ganancias.,,,,,,,
,"Secured Loan – Préstamo respaldado por un activo como garantía (por ejemplo, una hipoteca).",,,,,,,
,"Unsecured Loan – Préstamo sin garantía, generalmente con tasas de interés más altas.",,,,,,,
,"Interest Only Loan – Préstamo en el que solo se paga el interés durante un período inicial, sin amortizar el capital.",,,,,,,
,Overdraft – El límite de crédito que un banco otorga a una cuenta corriente para permitir que el saldo sea negativo.,,,,,,,
,Debt Consolidation Loan – Préstamo destinado a combinar varias deudas en un solo pago.,,,,,,,
,"APR Representative – Tasa de interés representativa para una oferta de crédito, que se debe mostrar a los consumidores por ley.",,,,,,,
,Credit Limit – El límite máximo de crédito disponible en una tarjeta o línea de crédito.,,,,,,,
,"Mortgage – Préstamo utilizado para la compra de bienes raíces, generalmente con un pago inicial y pagos mensuales durante un período largo.",,,,,,,
,Debt Management Plan – Plan de manejo de deudas en el que se negocian pagos con los acreedores.,,,,,,,
,Equity Release – Mecanismo que permite a los propietarios de viviendas mayores acceder al valor acumulado de su propiedad sin tener que venderla.,,,,,,,
,,,,,,,,
Destacado,,,,,,,,
"El mercado financiero del Reino Unido es altamente competitivo, con una combinación de productos tradicionales ofrecidos por bancos establecidos y opciones innovadoras proporcionadas por fintechs y neobancos. Los consumidores del Reino Unido tienen una amplia gama de opciones, tanto para préstamos personales como para pequeñas y medianas empresas, así como para tarjetas de crédito, adaptándose a sus necesidades específicas.
La comprensión de los términos financieros locales, como APR, ISA y FCA, es crucial para navegar eficazmente en este mercado y tomar decisiones informadas sobre productos financieros.
",,,,,,,,