Pillar,Is Pillar?,Main Keyword,Tentative Title,Content Focus,SEO Intent Type,TOFU/MOFU Level,Category,Supporting Notes,Suggested Internal Links,Hero Image URL
Money Management,Yes,money management,Money Management: The Complete Beginner's Guide for UK Households,"Comprehensive guide covering budgeting fundamentals, expense tracking, saving strategies, and avoiding common financial pitfalls. References MoneyHelper and FCA resources. This pillar article links to all related cluster articles within the Money Management topic family.",Informational,TOFU,guide,"Include references to UK cost of living context, ISA allowances, and council tax considerations. Cite MoneyHelper guidance.","/personal-finance/how-to-create-a-budget, /personal-finance/how-to-save-money-fast, /personal-finance/budgeting-apps-uk, /financial-solutions",https://media.topfinanzas.com/images/uk/money-management-guide-uk.webp
Money Management,No,budgeting apps uk,Best Budgeting Apps in the UK for 2026: Expert Picks,"Comparison of UK-compatible budgeting apps including Monzo, Starling, Emma, Plum, and YNAB. Evaluates Open Banking integration, free vs premium features, and suitability for different user types.",Comparational,MOFU,guide,"Highlight Open Banking features, UK bank compatibility, and FCA-registered status where applicable. Include price comparisons in GBP.","/personal-finance/money-management-for-beginners, /personal-finance/how-to-track-expenses, /credit-cards",https://media.topfinanzas.com/images/uk/budgeting-apps-uk-2026.webp
Money Management,No,how to create a budget,How to Create a Budget in the UK (Even if You've Never Done It Before),"Step-by-step budgeting guide for UK beginners. Covers the 50/30/20 rule adapted for UK expenses, tracking income after tax, accounting for National Insurance, and setting realistic savings goals.",Informational,TOFU,guide,"Reference UK-specific deductions (PAYE, NI contributions, student loan repayments). Mention MoneyHelper budget planner tool.","/personal-finance/money-management-for-beginners, /personal-finance/how-to-track-expenses, /personal-finance/needs-vs-wants",https://media.topfinanzas.com/images/uk/create-budget-uk.webp
Money Management,No,how to save money fast uk,How to Save Money Fast in the UK: 12 Proven Methods,"Actionable saving strategies tailored for UK households. Includes switching energy providers, maximising cashback, using ISAs effectively, and reducing everyday costs like council tax and broadband.",Informational,TOFU,guide,"Include current UK switching services (Uswitch, Compare the Market). Reference energy price cap and ISA limits for current tax year.","/personal-finance/money-management-for-beginners, /personal-finance/best-way-to-manage-money, /credit-cards/cashback",https://media.topfinanzas.com/images/uk/save-money-fast-uk.webp
Money Management,No,money management apps uk,Best Money Management Apps for UK Users in 2026,"Comprehensive comparison of all-in-one finance apps available in the UK. Covers Monzo, Starling, Chase UK, Revolut, and third-party aggregators. Evaluates budgeting features, savings pots, and investment options.",Comparational,MOFU,guide,"Emphasise FCA regulation status, FSCS protection limits (£85k), and Open Banking security. Compare free vs paid tiers.","/personal-finance/budgeting-apps-uk, /personal-finance/how-to-track-expenses, /personal-finance/money-management-for-beginners",https://media.topfinanzas.com/images/uk/money-management-apps-uk.webp
Money Management,No,personal finance tips uk,15 Personal Finance Tips Every UK Adult Should Know in 2026,"Essential financial literacy tips for the UK market. Covers emergency funds, pension contributions, tax-efficient savings, credit score building, and avoiding high-cost credit.",Informational,TOFU,guide,"Reference current UK pension auto-enrolment rates, ISA allowances, and state pension age. Include MoneyHelper and Pension Wise links.","/personal-finance/money-management-for-beginners, /personal-finance/how-to-avoid-debt, /credit-cards",https://media.topfinanzas.com/images/uk/personal-finance-tips-uk.webp
Money Management,No,money management tips,9 Money Management Tips for Everyday Life in the UK,"Practical daily money management strategies for UK households. Covers tracking spending, meal planning, reducing direct debits, and building financial resilience month by month.",Informational,TOFU,guide,"Include UK-specific examples: switching current accounts, claiming tax refunds, maximising workplace benefits.","/personal-finance/money-management-for-beginners, /personal-finance/how-to-create-a-budget, /personal-finance/how-to-track-expenses",https://media.topfinanzas.com/images/uk/money-management-tips-uk.webp
Money Management,No,how to track expenses,How to Track Your Expenses in the UK Without the Hassle,"Simple expense tracking methods for UK users. Covers manual methods, spreadsheet templates, and automated app-based tracking with Open Banking. Ideal for gaining clarity on spending patterns.",Informational,TOFU,guide,"Reference UK banking apps with built-in spending insights. Mention categorisation for tax purposes if self-employed.","/personal-finance/money-management-for-beginners, /personal-finance/budgeting-apps-uk, /personal-finance/how-to-create-a-budget",https://media.topfinanzas.com/images/uk/track-expenses-uk.webp
Money Management,No,needs vs wants,Needs vs. Wants: A UK Guide to Smarter Spending Decisions,"Clear framework for distinguishing essential from discretionary spending in a UK context. Helps readers make better purchasing decisions and prioritise financial goals.",Informational,TOFU,guide,"Use UK-relevant examples: council tax vs streaming subscriptions, commute costs vs car upgrades, energy bills vs eating out.","/personal-finance/how-to-create-a-budget, /personal-finance/how-to-save-money-fast, /personal-finance/how-to-avoid-debt",https://media.topfinanzas.com/images/uk/needs-vs-wants-uk.webp
Money Management,No,how to avoid debt uk,How to Avoid Debt in the UK and Still Enjoy Life,"Debt prevention strategies for UK households. Covers warning signs, alternatives to high-cost credit, building emergency funds, and knowing when to seek free debt advice from StepChange or Citizens Advice.",Informational,TOFU,debt,"Reference UK free debt advice services (StepChange, National Debtline, Citizens Advice). Mention breathing space scheme.","/personal-finance/money-management-for-beginners, /personal-finance/needs-vs-wants, /personal-loans",https://media.topfinanzas.com/images/uk/avoid-debt-uk.webp
Money Management,No,best way to manage money uk,The Best Way to Manage Your Money in the UK (And Stick to It),"Sustainable money management framework for UK adults. Combines budgeting, automated savings, regular financial reviews, and goal-setting into a practical monthly routine.",Informational,TOFU,guide,"Include UK financial calendar considerations: tax year end (April), ISA deadlines, pension review timing.","/personal-finance/money-management-for-beginners, /personal-finance/how-to-create-a-budget, /personal-finance/personal-finance-tips-uk",https://media.topfinanzas.com/images/uk/best-way-manage-money-uk.webp
Credit Building,Yes,credit score uk,Credit Scores in the UK: The Complete Guide to Understanding and Improving Yours,"Pillar article explaining UK credit scoring systems (Experian, Equifax, TransUnion), how scores affect borrowing, and actionable steps to build or repair credit. Links to all related credit cluster articles.",Informational,TOFU,creditCards,"Clarify that UK has three main credit reference agencies with different scoring scales. Reference free checking via ClearScore, Credit Karma, MSE Credit Club.","/credit-cards, /personal-loans, /personal-finance/how-to-avoid-debt, /financial-solutions",https://media.topfinanzas.com/images/uk/credit-score-guide-uk.webp
Credit Building,No,how to improve credit score uk,How to Improve Your Credit Score in the UK: 10 Proven Steps,"Actionable guide to boosting credit scores for UK residents. Covers electoral roll registration, credit utilisation, correcting errors, and credit-builder products.",Informational,TOFU,creditCards,"Mention UK-specific factors: electoral roll impact, utility bill reporting, Notice of Correction options.","/personal-finance/credit-score-uk, /credit-cards, /personal-loans",https://media.topfinanzas.com/images/uk/improve-credit-score-uk.webp
Credit Building,No,credit builder cards uk,Best Credit Builder Cards in the UK for 2026,"Comparison of credit cards designed for building or rebuilding credit in the UK. Evaluates acceptance rates, APRs, credit limit increases, and responsible use strategies.",Comparational,MOFU,creditCards,"Include representative APR examples, FCA eligibility checker requirements, and typical acceptance criteria.","/personal-finance/credit-score-uk, /personal-finance/how-to-improve-credit-score, /credit-cards",https://media.topfinanzas.com/images/uk/credit-builder-cards-uk.webp
Saving and Investing,Yes,saving money uk,Saving Money in the UK: From Emergency Funds to Long-Term Goals,"Pillar article covering the UK savings landscape. Explains ISAs (Cash, Stocks & Shares, Lifetime), Premium Bonds, savings accounts, and building an emergency fund. Links to investment cluster articles.",Informational,TOFU,guide,"Reference current ISA allowances, FSCS protection, and inflation considerations. Mention NS&I Premium Bonds.","/personal-finance/money-management-for-beginners, /personal-finance/how-to-save-money-fast, /financial-solutions",https://media.topfinanzas.com/images/uk/saving-money-uk-guide.webp
Saving and Investing,No,best savings accounts uk,Best Savings Accounts in the UK for 2026: Rates and Features Compared,"Comparison of UK savings accounts including easy access, fixed-rate bonds, and notice accounts. Evaluates interest rates, FSCS protection, and withdrawal flexibility.",Comparational,MOFU,guide,"Include current best-buy rates. Reference FSCS £85k protection limit. Note tax implications via Personal Savings Allowance.","/personal-finance/saving-money-uk, /personal-finance/how-to-save-money-fast, /personal-finance/money-management-for-beginners",https://media.topfinanzas.com/images/uk/best-savings-accounts-uk.webp
Saving and Investing,No,isa guide uk,ISAs Explained: A Complete Guide to Tax-Free Saving in the UK,"Comprehensive guide to Individual Savings Accounts. Covers Cash ISAs, Stocks & Shares ISAs, Lifetime ISAs, and Innovative Finance ISAs. Explains allowances, transfers, and choosing the right ISA.",Informational,TOFU,guide,"Reference current £20k annual ISA allowance. Explain LISA 25% bonus and property/retirement rules. Mention ISA transfer rights.","/personal-finance/saving-money-uk, /personal-finance/best-savings-accounts-uk, /personal-finance/money-management-for-beginners",https://media.topfinanzas.com/images/uk/isa-guide-uk.webp
Debt Management,Yes,debt help uk,Debt Help in the UK: Free Advice and Solutions That Work,"Pillar article on UK debt support options. Covers free debt advice services, debt solutions (DMP, IVA, DRO, bankruptcy), and early intervention strategies. Links to related debt cluster articles.",Informational,TOFU,debt,"Reference StepChange, National Debtline, Citizens Advice, and PayPlan. Explain FCA-regulated debt advice.","/personal-finance/how-to-avoid-debt, /personal-loans, /personal-finance/money-management-for-beginners",https://media.topfinanzas.com/images/uk/debt-help-uk-guide.webp
Debt Management,No,how to get out of debt uk,How to Get Out of Debt in the UK: A Step-by-Step Plan,"Practical debt repayment strategies for UK residents. Covers snowball vs avalanche methods, consolidation options, and when to seek professional debt advice.",Informational,TOFU,debt,"Include UK debt solution options (DMP, IVA, DRO). Reference breathing space scheme and priority vs non-priority debts.","/personal-finance/debt-help-uk, /personal-finance/how-to-avoid-debt, /personal-loans",https://media.topfinanzas.com/images/uk/get-out-of-debt-uk.webp